repo_name,easy_file,hard_file
apereo/cas,support/cas-server-support-throttle-jdbc/src/main/java/org/apereo/cas/web/support/JdbcThrottledSubmissionHandlerInterceptorAdapter.java,core/cas-server-core-util-api/src/main/java/org/apereo/cas/util/function/FunctionUtils.java
apereo/cas,support/cas-server-support-simple-mfa/src/main/java/org/apereo/cas/config/CasSimpleMultifactorAuthenticationEventExecutionPlanConfiguration.java,core/cas-server-core-util-api/src/main/java/org/apereo/cas/util/function/FunctionUtils.java
apereo/cas,core/cas-server-core-web-api/src/main/java/org/apereo/cas/web/support/WebUtils.java,core/cas-server-core-tickets-api/src/main/java/org/apereo/cas/ticket/registry/AbstractTicketRegistry.java
apereo/cas,support/cas-server-support-gauth-jpa/src/main/java/org/apereo/cas/config/GoogleAuthenticatorJpaConfiguration.java,core/cas-server-core-tickets-api/src/main/java/org/apereo/cas/ticket/registry/AbstractTicketRegistry.java
apereo/cas,support/cas-server-support-u2f/src/main/java/org/apereo/cas/config/support/authentication/U2FAuthenticationEventExecutionPlanConfiguration.java,core/cas-server-core-tickets-api/src/main/java/org/apereo/cas/ticket/registry/AbstractTicketRegistry.java
apereo/cas,support/cas-server-support-u2f-jpa/src/main/java/org/apereo/cas/config/U2FJpaConfiguration.java,core/cas-server-core-tickets-api/src/main/java/org/apereo/cas/ticket/registry/AbstractTicketRegistry.java
apereo/cas,support/cas-server-support-u2f-jpa/src/main/java/org/apereo/cas/adaptors/u2f/storage/U2FJpaDeviceRepository.java,core/cas-server-core-tickets-api/src/main/java/org/apereo/cas/ticket/registry/AbstractTicketRegistry.java
apereo/cas,core/cas-server-core-tickets-api/src/main/java/org/apereo/cas/ticket/TicketGrantingTicketImpl.java,core/cas-server-core-tickets-api/src/main/java/org/apereo/cas/ticket/registry/AbstractTicketRegistry.java
apereo/cas,support/cas-server-support-swivel/src/main/java/org/apereo/cas/config/SwivelAuthenticationEventExecutionPlanConfiguration.java,core/cas-server-core-tickets-api/src/main/java/org/apereo/cas/ticket/registry/AbstractTicketRegistry.java
apereo/cas,support/cas-server-support-radius-mfa/src/main/java/org/apereo/cas/config/support/authentication/RadiusTokenAuthenticationEventExecutionPlanConfiguration.java,core/cas-server-core-tickets-api/src/main/java/org/apereo/cas/ticket/registry/AbstractTicketRegistry.java
apereo/cas,support/cas-server-support-duo/src/main/java/org/apereo/cas/adaptors/duo/config/DuoSecurityAuthenticationEventExecutionPlanConfiguration.java,core/cas-server-core-tickets-api/src/main/java/org/apereo/cas/ticket/registry/AbstractTicketRegistry.java
apereo/cas,support/cas-server-support-authy/src/main/java/org/apereo/cas/adaptors/authy/config/support/authentication/AuthyAuthenticationEventExecutionPlanConfiguration.java,core/cas-server-core-tickets-api/src/main/java/org/apereo/cas/ticket/registry/AbstractTicketRegistry.java
apereo/cas,core/cas-server-core-services/src/main/java/org/apereo/cas/config/CasServiceRegistryInitializationConfiguration.java,core/cas-server-core-tickets-api/src/main/java/org/apereo/cas/ticket/registry/AbstractTicketRegistry.java
apereo/cas,core/cas-server-core-services-api/src/main/java/org/apereo/cas/services/RegexRegisteredService.java,core/cas-server-core-tickets-api/src/main/java/org/apereo/cas/ticket/registry/AbstractTicketRegistry.java
apereo/cas,support/cas-server-support-gauth/src/main/java/org/apereo/cas/config/support/authentication/GoogleAuthenticatorAuthenticationEventExecutionPlanConfiguration.java,core/cas-server-core-tickets-api/src/main/java/org/apereo/cas/ticket/registry/AbstractTicketRegistry.java
apereo/cas,support/cas-server-support-events-jpa/src/main/java/org/apereo/cas/config/JpaEventsConfiguration.java,core/cas-server-core-webflow/src/main/java/org/apereo/cas/web/flow/config/CasCoreWebflowConfiguration.java
apereo/cas,support/cas-server-support-jpa-ticket-registry/src/main/java/org/apereo/cas/config/JpaTicketRegistryConfiguration.java,core/cas-server-core-webflow/src/main/java/org/apereo/cas/web/flow/config/CasCoreWebflowConfiguration.java
apereo/cas,support/cas-server-support-jpa-ticket-registry/src/main/java/org/apereo/cas/ticket/registry/JpaTicketRegistry.java,core/cas-server-core-webflow/src/main/java/org/apereo/cas/web/flow/config/CasCoreWebflowConfiguration.java
apereo/cas,api/cas-server-core-api-ticket/src/main/java/org/apereo/cas/ticket/TicketGrantingTicket.java,core/cas-server-core-webflow/src/main/java/org/apereo/cas/web/flow/config/CasCoreWebflowConfiguration.java
apereo/cas,support/cas-server-support-jpa-service-registry/src/main/java/org/apereo/cas/config/JpaServiceRegistryConfiguration.java,core/cas-server-core-webflow/src/main/java/org/apereo/cas/web/flow/config/CasCoreWebflowConfiguration.java
apereo/cas,support/cas-server-support-saml-core/src/main/java/org/apereo/cas/config/CoreSamlConfiguration.java,core/cas-server-core-webflow/src/main/java/org/apereo/cas/web/flow/config/CasCoreWebflowConfiguration.java
apereo/cas,support/cas-server-support-gauth/src/main/java/org/apereo/cas/config/GoogleAuthenticatorConfiguration.java,core/cas-server-core-webflow/src/main/java/org/apereo/cas/web/flow/config/CasCoreWebflowConfiguration.java
apereo/cas,support/cas-server-support-reports-core/src/main/java/org/apereo/cas/web/report/SingleSignOnSessionsEndpoint.java,support/cas-server-support-pm-jdbc/src/main/java/org/apereo/cas/config/pm/JdbcPasswordHistoryManagementConfiguration.java
apereo/cas,support/cas-server-support-oidc-core-api/src/main/java/org/apereo/cas/oidc/token/OidcIdTokenGeneratorService.java,support/cas-server-support-pm-jdbc/src/main/java/org/apereo/cas/config/pm/JdbcPasswordHistoryManagementConfiguration.java
apereo/cas,support/cas-server-support-acceptto-mfa/src/main/java/org/apereo/cas/config/AccepttoMultifactorAuthenticationConfiguration.java,support/cas-server-support-pm-jdbc/src/main/java/org/apereo/cas/config/pm/JdbcPasswordHistoryManagementConfiguration.java
apereo/cas,support/cas-server-support-webauthn/src/main/java/org/apereo/cas/config/WebAuthnConfiguration.java,support/cas-server-support-pm-jdbc/src/main/java/org/apereo/cas/config/pm/JdbcPasswordHistoryManagementConfiguration.java
apereo/cas,support/cas-server-support-acceptto-mfa/src/main/java/org/apereo/cas/config/AccepttoMultifactorAuthenticationEventExecutionPlanConfiguration.java,support/cas-server-support-pm-jdbc/src/main/java/org/apereo/cas/config/pm/JdbcPasswordHistoryManagementConfiguration.java
apereo/cas,support/cas-server-support-throttle-jdbc/src/main/java/org/apereo/cas/web/support/JdbcThrottledSubmissionHandlerInterceptorAdapter.java,support/cas-server-support-pac4j-webflow/src/main/java/org/apereo/cas/web/flow/DelegatedAuthenticationWebflowConfigurer.java
apereo/cas,support/cas-server-support-simple-mfa/src/main/java/org/apereo/cas/config/CasSimpleMultifactorAuthenticationEventExecutionPlanConfiguration.java,support/cas-server-support-pac4j-webflow/src/main/java/org/apereo/cas/web/flow/DelegatedAuthenticationWebflowConfigurer.java
apereo/cas,support/cas-server-support-throttle-jdbc/src/main/java/org/apereo/cas/web/support/JdbcThrottledSubmissionHandlerInterceptorAdapter.java,support/cas-server-support-saml-idp-metadata-jpa/src/main/java/org/apereo/cas/config/SamlIdPJpaIdPMetadataConfiguration.java
apereo/cas,support/cas-server-support-simple-mfa/src/main/java/org/apereo/cas/config/CasSimpleMultifactorAuthenticationEventExecutionPlanConfiguration.java,support/cas-server-support-saml-idp-metadata-jpa/src/main/java/org/apereo/cas/config/SamlIdPJpaIdPMetadataConfiguration.java
apereo/cas,support/cas-server-support-webauthn/src/main/java/org/apereo/cas/config/WebAuthnConfiguration.java,support/cas-server-support-oauth-core-api/src/main/java/org/apereo/cas/support/oauth/web/endpoints/OAuth20UserProfileEndpointController.java
apereo/cas,support/cas-server-support-oidc-core-api/src/main/java/org/apereo/cas/oidc/token/OidcIdTokenGeneratorService.java,support/cas-server-support-oauth-core-api/src/main/java/org/apereo/cas/support/oauth/web/endpoints/OAuth20UserProfileEndpointController.java
apereo/cas,support/cas-server-support-acceptto-mfa/src/main/java/org/apereo/cas/config/AccepttoMultifactorAuthenticationConfiguration.java,support/cas-server-support-oauth-core-api/src/main/java/org/apereo/cas/support/oauth/web/endpoints/OAuth20UserProfileEndpointController.java
apereo/cas,support/cas-server-support-acceptto-mfa/src/main/java/org/apereo/cas/config/AccepttoMultifactorAuthenticationEventExecutionPlanConfiguration.java,support/cas-server-support-oauth-core-api/src/main/java/org/apereo/cas/support/oauth/web/endpoints/OAuth20UserProfileEndpointController.java
apereo/cas,support/cas-server-support-reports-core/src/main/java/org/apereo/cas/web/report/SingleSignOnSessionsEndpoint.java,support/cas-server-support-oauth-core-api/src/main/java/org/apereo/cas/support/oauth/web/endpoints/OAuth20UserProfileEndpointController.java
gchq/stroom,stroom-proxy/stroom-proxy-app/src/main/java/stroom/proxy/app/handler/ProxyRequestHandler.java,stroom-search/stroom-search-extraction/src/main/java/stroom/search/extraction/StreamMapCreator.java
gchq/stroom,stroom-proxy/stroom-proxy-app/src/main/java/stroom/proxy/app/handler/RemoteFeedStatusService.java,stroom-search/stroom-search-extraction/src/main/java/stroom/search/extraction/StreamMapCreator.java
gchq/stroom,stroom-proxy/stroom-proxy-app/src/main/java/stroom/proxy/app/servlet/ProxySecurityFilter.java,stroom-search/stroom-search-extraction/src/main/java/stroom/search/extraction/StreamMapCreator.java
gchq/stroom,stroom-proxy/stroom-proxy-repo/src/main/java/stroom/proxy/repo/store/SequentialFileStore.java,stroom-search/stroom-search-extraction/src/main/java/stroom/search/extraction/ExtractionDecorator.java
gchq/stroom,stroom-proxy/stroom-proxy-app/src/main/java/stroom/proxy/app/event/ReceiveDataHelper.java,stroom-search/stroom-search-extraction/src/main/java/stroom/search/extraction/ExtractionDecorator.java
gchq/stroom,stroom-proxy/stroom-proxy-app/src/main/java/stroom/proxy/app/event/EventStore.java,stroom-search/stroom-search-extraction/src/main/java/stroom/search/extraction/ExtractionDecorator.java
gchq/stroom,stroom-proxy/stroom-proxy-app/src/main/java/stroom/proxy/app/event/SchemaEventResourceImpl.java,stroom-search/stroom-search-extraction/src/main/java/stroom/search/extraction/ExtractionDecorator.java
gchq/stroom,stroom-proxy/stroom-proxy-app/src/main/java/stroom/proxy/app/event/EventAppender.java,stroom-search/stroom-search-extraction/src/main/java/stroom/search/extraction/ExtractionDecorator.java
gchq/stroom,stroom-proxy/stroom-proxy-app/src/main/java/stroom/proxy/app/event/SchemaEventResource.java,stroom-search/stroom-search-extraction/src/main/java/stroom/search/extraction/ExtractionDecorator.java
gchq/stroom,stroom-proxy/stroom-proxy-app/src/main/java/stroom/proxy/app/event/TextEventServlet.java,stroom-search/stroom-search-extraction/src/main/java/stroom/search/extraction/ExtractionDecorator.java
tsegall/fta,types/src/main/java/com/cobber/fta/plugins/person/Age.java,core/src/main/java/com/cobber/fta/dates/DateTimeParser.java
TNG/ArchUnit,archunit/src/main/java/com/tngtech/archunit/core/domain/AccessTarget.java,archunit/src/main/java/com/tngtech/archunit/core/importer/ClassFileImportRecord.java
TNG/ArchUnit,archunit/src/main/java/com/tngtech/archunit/core/domain/JavaClass.java,archunit/src/main/java/com/tngtech/archunit/core/importer/ClassFileImportRecord.java
BaseXdb/basex,basex-core/src/main/java/org/basex/core/cmd/AQuery.java,basex-core/src/main/java/org/basex/query/QueryInfo.java
BaseXdb/basex,basex-core/src/main/java/org/basex/core/parse/StringParser.java,basex-core/src/main/java/org/basex/query/QueryInfo.java
BaseXdb/basex,basex-core/src/main/java/org/basex/gui/view/info/InfoView.java,basex-core/src/main/java/org/basex/query/QueryInfo.java
BaseXdb/basex,basex-core/src/main/java/org/basex/core/parse/XMLParser.java,basex-core/src/main/java/org/basex/query/QueryInfo.java
BaseXdb/basex,basex-core/src/main/java/org/basex/core/Text.java,basex-core/src/main/java/org/basex/query/QueryInfo.java
BaseXdb/basex,basex-core/src/main/java/org/basex/server/ClientListener.java,basex-core/src/main/java/org/basex/query/QueryInfo.java
BaseXdb/basex,basex-api/src/main/java/org/basex/http/rest/RESTPut.java,basex-core/src/main/java/org/basex/query/QueryInfo.java
BaseXdb/basex,basex-core/src/main/java/org/basex/core/parse/Commands.java,basex-core/src/main/java/org/basex/query/QueryInfo.java
BaseXdb/basex,basex-api/src/main/java/org/basex/http/rest/RESTRetrieve.java,basex-core/src/main/java/org/basex/query/QueryInfo.java
BaseXdb/basex,basex-core/src/main/java/org/basex/gui/GUI.java,basex-core/src/main/java/org/basex/query/QueryInfo.java
BaseXdb/basex,basex-core/src/main/java/org/basex/query/func/StandardFunc.java,basex-core/src/main/java/org/basex/query/QueryInfo.java
BaseXdb/basex,basex-core/src/main/java/org/basex/api/client/LocalSession.java,basex-core/src/main/java/org/basex/query/expr/path/Path.java
proarc/proarc,proarc-common/src/main/java/cz/cas/lib/proarc/common/dao/empiredb/EmpireBatchDao.java,proarc-webapp/src/main/java/cz/cas/lib/proarc/webapp/server/rest/ImportResource.java
proarc/proarc,proarc-webapp/src/main/java/cz/cas/lib/proarc/webapp/shared/rest/DigitalObjectResourceApi.java,proarc-webapp/src/main/java/cz/cas/lib/proarc/webapp/server/rest/ImportResource.java
luwrain/luwrain,src/main/java/org/luwrain/core/LuwrainImpl.java,src/main/java/org/luwrain/core/Core.java
luwrain/luwrain,src/main/java/org/luwrain/script2/ScriptUtils.java,src/main/java/org/luwrain/script/Hooks.java
luwrain/luwrain,src/main/java/org/luwrain/core/LuwrainImpl.java,src/main/java/org/luwrain/core/EventDispatching.java
mars-sim/mars-sim,mars-sim-core/src/main/java/org/mars_sim/msp/core/person/ai/social/Relation.java,mars-sim-core/src/main/java/org/mars_sim/msp/core/structure/building/function/WasteProcess.java
mars-sim/mars-sim,mars-sim-core/src/main/java/org/mars_sim/msp/core/person/ai/social/Relation.java,mars-sim-ui/src/main/java/org/mars_sim/msp/ui/swing/unit_window/structure/TabPanelWasteProcesses.java
reinert/requestor,requestor/core/requestor-core/src/main/java/io/reinert/requestor/core/deferred/AbstractDeferred.java,requestor/core/requestor-core/src/main/java/io/reinert/requestor/core/RequestBuilderImpl.java
reinert/requestor,requestor/impl/requestor-javanet/src/main/java/io/reinert/requestor/java/net/Requestor.java,requestor/core/requestor-core/src/main/java/io/reinert/requestor/core/RequestBuilderImpl.java
reinert/requestor,requestor/core/requestor-core/src/main/java/io/reinert/requestor/core/Request.java,requestor/core/requestor-core/src/main/java/io/reinert/requestor/core/RequestBuilderImpl.java
reinert/requestor,requestor/core/requestor-core/src/main/java/io/reinert/requestor/core/PollingRequestInvoker.java,requestor/core/requestor-core/src/main/java/io/reinert/requestor/core/RequestBuilderImpl.java
reinert/requestor,requestor/core/requestor-core/src/main/java/io/reinert/requestor/core/AbstractProcessableRequest.java,requestor/core/requestor-core/src/main/java/io/reinert/requestor/core/RequestBuilderImpl.java
reinert/requestor,requestor/impl/requestor-javanet/src/main/java/io/reinert/requestor/java/net/JavaNetRequestDispatcherFactory.java,requestor/core/requestor-core/src/main/java/io/reinert/requestor/core/RequestBuilderImpl.java
reinert/requestor,requestor/impl/requestor-gwt/src/main/java/io/reinert/requestor/gwt/GwtAsyncRunner.java,requestor/core/requestor-core/src/main/java/io/reinert/requestor/core/RequestBuilderImpl.java
reinert/requestor,requestor/core/requestor-core/src/main/java/io/reinert/requestor/core/RequestDispatcher.java,requestor/core/requestor-core/src/main/java/io/reinert/requestor/core/RequestBuilderImpl.java
reinert/requestor,requestor/core/requestor-core/src/main/java/io/reinert/requestor/core/AsyncRunner.java,requestor/core/requestor-core/src/main/java/io/reinert/requestor/core/RequestBuilderImpl.java
reinert/requestor,requestor/core/requestor-core/src/main/java/io/reinert/requestor/core/deferred/DeferredRequest.java,requestor/core/requestor-core/src/main/java/io/reinert/requestor/core/RequestBuilderImpl.java
reinert/requestor,requestor/core/requestor-core/src/main/java/io/reinert/requestor/core/RawResponse.java,requestor/core/requestor-core/src/main/java/io/reinert/requestor/core/RequestBuilderImpl.java
reinert/requestor,requestor/core/requestor-core/src/main/java/io/reinert/requestor/core/deferred/DeferredPollingRequest.java,requestor/core/requestor-core/src/main/java/io/reinert/requestor/core/RequestBuilderImpl.java
reinert/requestor,requestor/core/requestor-core/src/main/java/io/reinert/requestor/core/Deferred.java,requestor/core/requestor-core/src/main/java/io/reinert/requestor/core/RequestBuilderImpl.java
reinert/requestor,requestor/core/requestor-core/src/main/java/io/reinert/requestor/core/IncomingResponseImpl.java,requestor/core/requestor-core/src/main/java/io/reinert/requestor/core/RequestBuilderImpl.java
reinert/requestor,requestor/core/requestor-java/src/main/java/io/reinert/requestor/java/ScheduledExecutorAsyncRunner.java,requestor/core/requestor-core/src/main/java/io/reinert/requestor/core/RequestBuilderImpl.java
reinert/requestor,requestor/core/requestor-core/src/main/java/io/reinert/requestor/core/Session.java,requestor/core/requestor-core/src/main/java/io/reinert/requestor/core/RequestBuilderImpl.java
reinert/requestor,requestor/core/requestor-core/src/main/java/io/reinert/requestor/core/RequestInAuthProcess.java,requestor/core/requestor-core/src/main/java/io/reinert/requestor/core/RequestBuilderImpl.java
reinert/requestor,requestor/core/requestor-core/src/main/java/io/reinert/requestor/core/CallbackDeferred.java,requestor/core/requestor-core/src/main/java/io/reinert/requestor/core/RequestBuilderImpl.java
games647/FastLogin,bukkit/src/main/java/com/github/games647/fastlogin/bukkit/FastLoginBukkit.java,bungee/src/main/java/com/github/games647/fastlogin/bungee/FastLoginBungee.java
games647/FastLogin,velocity/src/main/java/com/github/games647/fastlogin/velocity/task/ForceLoginTask.java,velocity/src/main/java/com/github/games647/fastlogin/velocity/listener/ConnectListener.java
games647/FastLogin,bukkit/src/main/java/com/github/games647/fastlogin/bukkit/listener/protocolsupport/ProtocolSupportListener.java,bukkit/src/main/java/com/github/games647/fastlogin/bukkit/listener/protocollib/NameCheckTask.java
games647/FastLogin,bukkit/src/main/java/com/github/games647/fastlogin/bukkit/listener/protocolsupport/ProtocolSupportListener.java,bukkit/src/main/java/com/github/games647/fastlogin/bukkit/listener/protocollib/ProtocolLibLoginSource.java
games647/FastLogin,core/src/main/java/com/github/games647/fastlogin/core/antibot/ProxyAgnosticMojangResolver.java,bukkit/src/main/java/com/github/games647/fastlogin/bukkit/listener/protocollib/packet/ClientPublicKey.java
marcocorvi/topodroid,src/com/topodroid/TDX/MainWindow.java,src/com/topodroid/TDX/CurrentStationDialog.java
marcocorvi/topodroid,src/com/topodroid/TDX/StationName.java,src/com/topodroid/TDX/CurrentStationDialog.java
marcocorvi/topodroid,src/com/topodroid/TDX/DrawingSurface.java,src/com/topodroid/TDX/CurrentStationDialog.java
marcocorvi/topodroid,src/com/topodroid/TDX/ShotWindow.java,src/com/topodroid/TDX/CurrentStationDialog.java
marcocorvi/topodroid,src/com/topodroid/TDX/TopoDroidApp.java,src/com/topodroid/TDX/CurrentStationDialog.java
marcocorvi/topodroid,src/com/topodroid/TDX/TDExporter.java,src/com/topodroid/TDX/CurrentStationDialog.java
marcocorvi/topodroid,src/com/topodroid/TDX/StationNameDefault.java,src/com/topodroid/TDX/CurrentStationDialog.java
marcocorvi/topodroid,src/com/topodroid/TDX/DBlockAdapter.java,src/com/topodroid/TDX/CurrentStationDialog.java
marcocorvi/topodroid,src/com/topodroid/TDX/StationNameDefaultBlunder.java,src/com/topodroid/TDX/CurrentStationDialog.java
marcocorvi/topodroid,src/com/topodroid/TDX/DBlock.java,src/com/topodroid/TDX/CurrentStationDialog.java
marcocorvi/topodroid,src/com/topodroid/TDX/OverviewWindow.java,src/com/topodroid/TDX/CurrentStationDialog.java
marcocorvi/topodroid,src/com/topodroid/TDX/DrawingCommandManager.java,src/com/topodroid/TDX/CurrentStationDialog.java
triplea-game/triplea,game-app/game-core/src/main/java/games/strategy/triplea/attachments/UnitAttachment.java,game-app/game-core/src/main/java/games/strategy/engine/framework/ServerGame.java
triplea-game/triplea,game-app/game-core/src/main/java/games/strategy/triplea/delegate/battle/MustFightBattle.java,game-app/game-core/src/main/java/games/strategy/engine/framework/ServerGame.java
triplea-game/triplea,game-app/game-core/src/main/java/games/strategy/triplea/attachments/TechAttachment.java,game-app/game-core/src/main/java/games/strategy/engine/framework/ServerGame.java
triplea-game/triplea,game-app/game-core/src/main/java/games/strategy/triplea/delegate/Matches.java,game-app/game-core/src/main/java/games/strategy/engine/framework/ServerGame.java
triplea-game/triplea,game-app/game-core/src/main/java/games/strategy/triplea/delegate/battle/MustFightBattle.java,game-app/game-core/src/main/java/games/strategy/triplea/delegate/TechTracker.java
triplea-game/triplea,game-app/game-core/src/main/java/games/strategy/triplea/delegate/Matches.java,game-app/game-core/src/main/java/games/strategy/triplea/delegate/TechTracker.java
triplea-game/triplea,game-app/game-core/src/main/java/games/strategy/triplea/attachments/UnitAttachment.java,game-app/game-core/src/main/java/games/strategy/triplea/delegate/TechTracker.java
triplea-game/triplea,game-app/game-core/src/main/java/games/strategy/triplea/attachments/TechAttachment.java,game-app/game-core/src/main/java/games/strategy/triplea/delegate/TechTracker.java
triplea-game/triplea,game-app/game-core/src/main/java/games/strategy/triplea/attachments/TechAttachment.java,game-app/game-core/src/main/java/games/strategy/triplea/ai/pro/util/ProMatches.java
triplea-game/triplea,game-app/game-core/src/main/java/games/strategy/triplea/attachments/UnitAttachment.java,game-app/game-core/src/main/java/games/strategy/triplea/ai/pro/util/ProMatches.java
triplea-game/triplea,game-app/game-core/src/main/java/games/strategy/triplea/delegate/Matches.java,game-app/game-core/src/main/java/games/strategy/triplea/ai/pro/util/ProMatches.java
triplea-game/triplea,game-app/game-core/src/main/java/games/strategy/triplea/delegate/battle/MustFightBattle.java,game-app/game-core/src/main/java/games/strategy/triplea/ai/pro/util/ProMatches.java
triplea-game/triplea,game-app/game-core/src/main/java/games/strategy/triplea/delegate/Matches.java,game-app/game-core/src/main/java/games/strategy/triplea/ui/ObjectiveDummyDelegateBridge.java
triplea-game/triplea,game-app/game-core/src/main/java/games/strategy/triplea/attachments/UnitAttachment.java,game-app/game-core/src/main/java/games/strategy/triplea/ui/ObjectiveDummyDelegateBridge.java
triplea-game/triplea,game-app/game-core/src/main/java/games/strategy/triplea/attachments/TechAttachment.java,game-app/game-core/src/main/java/games/strategy/triplea/ui/ObjectiveDummyDelegateBridge.java
triplea-game/triplea,game-app/game-core/src/main/java/games/strategy/triplea/delegate/battle/MustFightBattle.java,game-app/game-core/src/main/java/games/strategy/triplea/ui/ObjectiveDummyDelegateBridge.java
triplea-game/triplea,game-app/game-core/src/main/java/games/strategy/triplea/delegate/battle/MustFightBattle.java,game-app/game-core/src/main/java/games/strategy/engine/framework/startup/launcher/LaunchAction.java
triplea-game/triplea,game-app/game-core/src/main/java/games/strategy/triplea/attachments/TechAttachment.java,game-app/game-core/src/main/java/games/strategy/engine/framework/startup/launcher/LaunchAction.java
triplea-game/triplea,game-app/game-core/src/main/java/games/strategy/triplea/delegate/Matches.java,game-app/game-core/src/main/java/games/strategy/engine/framework/startup/launcher/LaunchAction.java
triplea-game/triplea,game-app/game-core/src/main/java/games/strategy/triplea/attachments/UnitAttachment.java,game-app/game-core/src/main/java/games/strategy/engine/framework/startup/launcher/LaunchAction.java
asciidocfx/AsciidocFX,src/main/java/com/kodedu/service/extension/CustomBlockProcessor.java,src/main/java/com/kodedu/service/extension/base/CustomProcessor.java
bootique/bootique-job,bootique-job/src/main/java/io/bootique/job/graph/JobGraphNode.java,bootique-job/src/main/java/io/bootique/job/JobModule.java
bootique/bootique-job,bootique-job/src/main/java/io/bootique/job/graph/SingleJobNode.java,bootique-job/src/main/java/io/bootique/job/JobModule.java
bootique/bootique-job,bootique-job/src/main/java/io/bootique/job/graph/GroupNode.java,bootique-job/src/main/java/io/bootique/job/JobModule.java
bootique/bootique-job,bootique-job/src/main/java/io/bootique/job/graph/JobGraphBuilder.java,bootique-job/src/main/java/io/bootique/job/JobModule.java
bootique/bootique-job,bootique-job/src/main/java/io/bootique/job/scheduler/ScheduledJobFuture.java,bootique-job/src/main/java/io/bootique/job/command/ExecCommand.java
bootique/bootique-job,bootique-job/src/main/java/io/bootique/job/scheduler/ScheduledJobFuture.java,bootique-job/src/main/java/io/bootique/job/scheduler/execution/JobGroup.java
bootique/bootique-job,bootique-job/src/main/java/io/bootique/job/scheduler/ScheduledJobFuture.java,bootique-job/src/main/java/io/bootique/job/scheduler/execution/DefaultJobRegistry.java
bootique/bootique-job,bootique-job/src/main/java/io/bootique/job/graph/JobGraphNode.java,bootique-job-instrumented/src/main/java/io/bootique/job/instrumented/TxIdAwareJobGroupStep.java
bootique/bootique-job,bootique-job/src/main/java/io/bootique/job/graph/JobGraphBuilder.java,bootique-job-instrumented/src/main/java/io/bootique/job/instrumented/TxIdAwareJobGroupStep.java
bootique/bootique-job,bootique-job/src/main/java/io/bootique/job/graph/GroupNode.java,bootique-job-instrumented/src/main/java/io/bootique/job/instrumented/TxIdAwareJobGroupStep.java
bootique/bootique-job,bootique-job/src/main/java/io/bootique/job/graph/SingleJobNode.java,bootique-job-instrumented/src/main/java/io/bootique/job/instrumented/TxIdAwareJobGroupStep.java
bozimmerman/CoffeeMud,com/planet_ink/coffee_mud/Abilities/Traps/StdTrap.java,com/planet_ink/coffee_mud/MOBS/StdDeity.java
bozimmerman/CoffeeMud,com/planet_ink/coffee_mud/Abilities/Common/AnimalTraining.java,com/planet_ink/coffee_mud/MOBS/StdDeity.java
bozimmerman/CoffeeMud,com/planet_ink/coffee_mud/WebMacros/ItemData.java,com/planet_ink/coffee_mud/Libraries/CMMap.java
bozimmerman/CoffeeMud,com/planet_ink/coffee_mud/WebMacros/AbilityData.java,com/planet_ink/coffee_mud/Libraries/CMMap.java
bozimmerman/CoffeeMud,com/planet_ink/coffee_mud/WebMacros/MUDGrinder.java,com/planet_ink/coffee_mud/Libraries/CMMap.java
bozimmerman/CoffeeMud,com/planet_ink/coffee_mud/Libraries/CoffeeMaker.java,com/planet_ink/coffee_mud/Libraries/CMMap.java
bozimmerman/CoffeeMud,com/planet_ink/coffee_mud/Libraries/interfaces/CMMiscUtils.java,com/planet_ink/coffee_mud/Libraries/CMMap.java
bozimmerman/CoffeeMud,com/planet_ink/coffee_mud/WebMacros/AbilityData.java,com/planet_ink/coffee_mud/core/CMSecurity.java
bozimmerman/CoffeeMud,com/planet_ink/coffee_mud/Libraries/CoffeeMaker.java,com/planet_ink/coffee_mud/core/CMSecurity.java
bozimmerman/CoffeeMud,com/planet_ink/coffee_mud/Libraries/interfaces/CMMiscUtils.java,com/planet_ink/coffee_mud/core/CMSecurity.java
bozimmerman/CoffeeMud,com/planet_ink/coffee_mud/WebMacros/MUDGrinder.java,com/planet_ink/coffee_mud/core/CMSecurity.java
bozimmerman/CoffeeMud,com/planet_ink/coffee_mud/WebMacros/ItemData.java,com/planet_ink/coffee_mud/core/CMSecurity.java
bozimmerman/CoffeeMud,com/planet_ink/coffee_mud/Items/Software/ShipDiagProgram.java,com/planet_ink/coffee_mud/Libraries/CoffeeDark.java
bozimmerman/CoffeeMud,com/planet_ink/coffee_mud/Abilities/Common/GenWrightSkill.java,com/planet_ink/coffee_mud/Libraries/CoffeeDark.java
mickleness/pumpernickel,src/main/java/com/pump/showcase/demo/BmpComparisonDemo.java,src/main/java/com/pump/data/converter/ConverterUtils.java
mickleness/pumpernickel,src/main/java/com/pump/showcase/resourcegenerator/ThumbnailGeneratorDemoResourceGenerator.java,src/main/java/com/pump/data/converter/ConverterUtils.java
mickleness/pumpernickel,src/main/java/com/pump/showcase/resourcegenerator/DemoResourceGenerator.java,src/main/java/com/pump/data/converter/ConverterUtils.java
mickleness/pumpernickel,src/main/java/com/pump/showcase/demo/ThumbnailGeneratorDemo.java,src/main/java/com/pump/data/converter/ConverterUtils.java
mickleness/pumpernickel,src/main/java/com/pump/image/thumbnail/generator/BasicThumbnailGenerator.java,src/main/java/com/pump/data/converter/ConverterUtils.java
mickleness/pumpernickel,src/main/java/com/pump/showcase/demo/Transition3DDemo.java,src/main/java/com/pump/data/converter/ConverterUtils.java
mickleness/pumpernickel,src/main/java/com/pump/showcase/resourcegenerator/ShadowRendererDemoResourceGenerator.java,src/main/java/com/pump/data/converter/ConverterUtils.java
mickleness/pumpernickel,src/main/java/com/pump/showcase/demo/CollapsibleContainerDemo.java,src/main/java/com/pump/data/converter/ConverterUtils.java
mickleness/pumpernickel,src/main/java/com/pump/showcase/demo/ShowcaseChartDemo.java,src/main/java/com/pump/data/converter/ConverterUtils.java
mickleness/pumpernickel,src/main/java/com/pump/showcase/demo/XMLFormatterDemo.java,src/main/java/com/pump/data/converter/ConverterUtils.java
mickleness/pumpernickel,src/main/java/com/pump/showcase/demo/ShowcaseDemo.java,src/main/java/com/pump/data/converter/ConverterUtils.java
mickleness/pumpernickel,src/main/java/com/pump/showcase/demo/JavaFormatterDemo.java,src/main/java/com/pump/data/converter/ConverterUtils.java
mickleness/pumpernickel,src/main/java/com/pump/showcase/resourcegenerator/Transition2DDemoResourceGenerator.java,src/main/java/com/pump/data/converter/ConverterUtils.java
mickleness/pumpernickel,src/main/java/com/pump/image/thumbnail/generator/MacCImageThumbnailGenerator.java,src/main/java/com/pump/data/converter/ConverterUtils.java
kieker-monitoring/kieker,kieker-analysis/src/kieker/analysis/architecture/recovery/ExecutionModelAssembler.java,kieker-analysis/src/kieker/analysis/generic/time/TimestampFilter.java
kieker-monitoring/kieker,kieker-analysis/src/kieker/analysis/architecture/recovery/StaticModelsAssemblerStage.java,kieker-analysis/src/kieker/analysis/generic/time/TimestampFilter.java
kieker-monitoring/kieker,kieker-tools/log-replayer/src/kieker/tools/log/replayer/TeetimeConfiguration.java,kieker-analysis/src/kieker/analysis/generic/time/TimestampFilter.java
kieker-monitoring/kieker,kieker-analysis/src/kieker/analysis/graph/package-info.java,kieker-analysis/src/kieker/analysis/generic/time/TimestampFilter.java
kieker-monitoring/kieker,kieker-analysis/src/kieker/analysis/generic/timestampfilter/components/TraceMetadataTimestampFilter.java,kieker-analysis/src/kieker/analysis/generic/time/TimestampFilter.java
kieker-monitoring/kieker,kieker-analysis/src/kieker/analysis/generic/timestampfilter/components/MonitioringRecordTimestampFilter.java,kieker-analysis/src/kieker/analysis/generic/time/TimestampFilter.java
kieker-monitoring/kieker,kieker-analysis/src/kieker/analysis/architecture/recovery/OperationAndCallGeneratorStage.java,kieker-analysis/src/kieker/analysis/generic/time/TimestampFilter.java
kieker-monitoring/kieker,kieker-analysis/src/kieker/analysis/architecture/recovery/signature/AbstractSignatureCleaner.java,kieker-analysis/src/kieker/analysis/generic/time/TimestampFilter.java
kieker-monitoring/kieker,kieker-analysis/src/kieker/analysis/architecture/dependency/DeploymentLevelContextDependencyGraphBuilder.java,kieker-analysis/src/kieker/analysis/generic/time/TimestampFilter.java
kieker-monitoring/kieker,kieker-analysis/src/kieker/analysis/graph/impl/NodeImpl.java,kieker-analysis/src/kieker/analysis/generic/time/TimestampFilter.java
kieker-monitoring/kieker,kieker-analysis/src/kieker/analysis/architecture/dependency/IDependencyGraphBuilder.java,kieker-analysis/src/kieker/analysis/generic/time/TimestampFilter.java
kieker-monitoring/kieker,kieker-analysis/src/kieker/analysis/architecture/dependency/DeploymentLevelOperationDependencyGraphBuilder.java,kieker-analysis/src/kieker/analysis/generic/time/TimestampFilter.java
kieker-monitoring/kieker,kieker-analysis/src/kieker/analysis/architecture/recovery/data/CallEvent.java,kieker-analysis/src/kieker/analysis/generic/time/TimestampFilter.java
kieker-monitoring/kieker,kieker-analysis/src/kieker/analysis/architecture/trace/flow/TraceAggregationFilter.java,kieker-analysis/src/kieker/analysis/generic/time/TimestampFilter.java
kieker-monitoring/kieker,kieker-analysis/src/kieker/analysis/graph/dependency/dot/package-info.java,kieker-analysis/src/kieker/analysis/generic/time/TimestampFilter.java
kieker-monitoring/kieker,kieker-analysis/src/kieker/analysis/generic/timestampfilter/TimestampFilter.java,kieker-analysis/src/kieker/analysis/generic/time/TimestampFilter.java
kieker-monitoring/kieker,kieker-analysis/src/kieker/analysis/architecture/dependency/DeploymentLevelComponentDependencyGraphBuilder.java,kieker-analysis/src/kieker/analysis/generic/time/TimestampFilter.java
kieker-monitoring/kieker,kieker-analysis/src/kieker/analysis/generic/time/events/TimestampCurrentTimeEventGenerationFilter.java,kieker-analysis/src/kieker/analysis/generic/time/TimestampFilter.java
kieker-monitoring/kieker,kieker-analysis/src/kieker/analysis/architecture/dependency/TypeLevelComponentDependencyGraphBuilder.java,kieker-analysis/src/kieker/analysis/generic/time/TimestampFilter.java
kieker-monitoring/kieker,kieker-analysis/src/kieker/analysis/architecture/trace/graph/GraphTransformerVisitor.java,kieker-analysis/src/kieker/analysis/generic/time/TimestampFilter.java
kieker-monitoring/kieker,kieker-analysis/src/kieker/analysis/architecture/dependency/AssemblyLevelComponentDependencyGraphBuilder.java,kieker-analysis/src/kieker/analysis/generic/time/TimestampFilter.java
kieker-monitoring/kieker,kieker-analysis/src/kieker/analysis/architecture/recovery/signature/AbstractSignatureProcessor.java,kieker-analysis/src/kieker/analysis/generic/time/TimestampFilter.java
kieker-monitoring/kieker,kieker-analysis/src/kieker/analysis/architecture/recovery/DeploymentModelAssemblerStage.java,kieker-analysis/src/kieker/analysis/generic/time/TimestampFilter.java
kieker-monitoring/kieker,kieker-analysis/src/kieker/analysis/architecture/dependency/DependencyGraphCreatorStage.java,kieker-analysis/src/kieker/analysis/generic/time/TimestampFilter.java
kieker-monitoring/kieker,kieker-analysis/src/kieker/analysis/graph/dependency/vertextypes/package-info.java,kieker-analysis/src/kieker/analysis/generic/time/TimestampFilter.java
kieker-monitoring/kieker,kieker-analysis/src/kieker/analysis/architecture/recovery/DeploymentModelAssembler.java,kieker-analysis/src/kieker/analysis/generic/time/TimestampFilter.java
kieker-monitoring/kieker,kieker-analysis/src/kieker/analysis/architecture/recovery/signature/NullSignatureCleaner.java,kieker-analysis/src/kieker/analysis/generic/time/TimestampFilter.java
kieker-monitoring/kieker,kieker-analysis/src/kieker/analysis/architecture/recovery/ExecutionModelAssemblerStage.java,kieker-analysis/src/kieker/analysis/generic/time/TimestampFilter.java
kieker-monitoring/kieker,kieker-analysis/src/kieker/analysis/graph/GraphFactory.java,kieker-analysis/src/kieker/analysis/generic/time/TimestampFilter.java
kieker-monitoring/kieker,kieker-analysis/src/kieker/analysis/generic/time/events/package-info.java,kieker-analysis/src/kieker/analysis/generic/time/TimestampFilter.java
kieker-monitoring/kieker,kieker-analysis/src/kieker/analysis/generic/time/events/AbstractCurrentTimeEventGenerationFilter.java,kieker-analysis/src/kieker/analysis/generic/time/TimestampFilter.java
kieker-monitoring/kieker,kieker-analysis/src/kieker/analysis/architecture/recovery/TypeModelAssemblerStage.java,kieker-analysis/src/kieker/analysis/generic/time/TimestampFilter.java
kieker-monitoring/kieker,kieker-analysis/src/kieker/analysis/architecture/dependency/ResponseTimeDecorator.java,kieker-analysis/src/kieker/analysis/generic/time/TimestampFilter.java
kieker-monitoring/kieker,kieker-analysis/src/kieker/analysis/util/debug/GraphPrinterStage.java,kieker-analysis/src/kieker/analysis/generic/time/TimestampFilter.java
kieker-monitoring/kieker,kieker-analysis/src/kieker/analysis/architecture/trace/flow/FlowTraceEventMatcher.java,kieker-analysis/src/kieker/analysis/generic/time/TimestampFilter.java
kieker-monitoring/kieker,kieker-analysis/src/kieker/analysis/generic/timestampfilter/components/AbstractTimestampFilter.java,kieker-analysis/src/kieker/analysis/generic/time/TimestampFilter.java
kieker-monitoring/kieker,kieker-analysis/src/kieker/analysis/generic/timestampfilter/components/package-info.java,kieker-analysis/src/kieker/analysis/generic/time/TimestampFilter.java
kieker-monitoring/kieker,kieker-analysis/src/kieker/analysis/architecture/recovery/IExecutionModelAssembler.java,kieker-analysis/src/kieker/analysis/generic/time/TimestampFilter.java
kieker-monitoring/kieker,kieker-analysis/src/kieker/analysis/architecture/dependency/AssemblyLevelOperationDependencyGraphBuilder.java,kieker-analysis/src/kieker/analysis/generic/time/TimestampFilter.java
kieker-monitoring/kieker,kieker-analysis/src/kieker/analysis/architecture/CallEventMatcher.java,kieker-analysis/src/kieker/analysis/generic/time/TimestampFilter.java
kieker-monitoring/kieker,kieker-analysis/src/kieker/analysis/generic/time/events/RecordCurrentTimeEventGenerationFilter.java,kieker-analysis/src/kieker/analysis/generic/time/TimestampFilter.java
kieker-monitoring/kieker,kieker-analysis/src/kieker/analysis/generic/timestampfilter/package-info.java,kieker-analysis/src/kieker/analysis/generic/time/TimestampFilter.java
kieker-monitoring/kieker,kieker-analysis/src/kieker/analysis/architecture/dependency/TypeLevelOperationDependencyGraphBuilder.java,kieker-analysis/src/kieker/analysis/generic/time/TimestampFilter.java
kieker-monitoring/kieker,kieker-analysis/src/kieker/analysis/architecture/trace/graph/TraceToGraphTransformer.java,kieker-analysis/src/kieker/analysis/generic/time/TimestampFilter.java
kieker-monitoring/kieker,kieker-analysis/src/kieker/analysis/graph/INode.java,kieker-analysis/src/kieker/analysis/generic/time/TimestampFilter.java
kieker-monitoring/kieker,kieker-analysis/src/kieker/analysis/architecture/recovery/ModelObjectFromOperationCallAccessorUtils.java,kieker-analysis/src/kieker/analysis/generic/time/TimestampFilter.java
kieker-monitoring/kieker,kieker-analysis/src/kieker/analysis/architecture/recovery/AssemblyModelAssembler.java,kieker-analysis/src/kieker/analysis/generic/time/TimestampFilter.java
kieker-monitoring/kieker,kieker-analysis/src/kieker/analysis/architecture/recovery/AssemblyModelAssemblerStage.java,kieker-analysis/src/kieker/analysis/generic/time/TimestampFilter.java
kieker-monitoring/kieker,kieker-analysis/src/kieker/analysis/generic/timestampfilter/components/EventRecordTimestampFilter.java,kieker-analysis/src/kieker/analysis/generic/time/TimestampFilter.java
kieker-monitoring/kieker,kieker-analysis/src/kieker/analysis/architecture/dependency/AbstractDependencyGraphBuilder.java,kieker-analysis/src/kieker/analysis/generic/time/TimestampFilter.java
kieker-monitoring/kieker,kieker-analysis/src/kieker/analysis/architecture/recovery/data/OperationCallDurationEvent.java,kieker-analysis/src/kieker/analysis/generic/time/TimestampFilter.java
kieker-monitoring/kieker,kieker-analysis/src/kieker/analysis/util/debug/hotspotdetection/HotspotDetectionConfiguration.java,kieker-analysis/src/kieker/analysis/generic/time/TimestampFilter.java
kieker-monitoring/kieker,kieker-analysis/src/kieker/analysis/architecture/recovery/CallEvent2OperationCallStage.java,kieker-analysis/src/kieker/analysis/generic/time/TimestampFilter.java
kieker-monitoring/kieker,kieker-analysis/src/kieker/analysis/generic/timestampfilter/components/OperationExecutionRecordTimestampFilter.java,kieker-analysis/src/kieker/analysis/generic/time/TimestampFilter.java
kieker-monitoring/kieker,kieker-analysis/src/kieker/analysis/architecture/trace/graph/dot/NodeLabelMapper.java,kieker-analysis/src/kieker/analysis/generic/time/TimestampFilter.java
kieker-monitoring/kieker,kieker-analysis/src/kieker/analysis/architecture/recovery/TypeModelAssembler.java,kieker-analysis/src/kieker/analysis/generic/time/TimestampFilter.java
kieker-monitoring/kieker,kieker-analysis/src/kieker/analysis/architecture/recovery/data/OperationEvent.java,kieker-analysis/src/kieker/analysis/generic/time/TimestampFilter.java
graphql-java/graphql-java,src/main/java/graphql/execution/ExecutionContext.java,src/main/java/graphql/validation/ValidationError.java
giraud/reasonml-idea-plugin,src/com/reason/lang/core/psi/impl/ORASTFactory.java,src/com/reason/lang/rescript/ResTypes.java
giraud/reasonml-idea-plugin,src/com/reason/lang/core/psi/impl/ORASTFactory.java,src/com/reason/lang/rescript/ResParser.java
00-Evan/shattered-pixel-dungeon,core/src/main/java/com/shatteredpixel/shatteredpixeldungeon/scenes/WelcomeScene.java,core/src/main/java/com/shatteredpixel/shatteredpixeldungeon/Dungeon.java
00-Evan/shattered-pixel-dungeon,core/src/main/java/com/shatteredpixel/shatteredpixeldungeon/scenes/WelcomeScene.java,core/src/main/java/com/shatteredpixel/shatteredpixeldungeon/ui/Toolbar.java
00-Evan/shattered-pixel-dungeon,core/src/main/java/com/shatteredpixel/shatteredpixeldungeon/scenes/WelcomeScene.java,core/src/main/java/com/shatteredpixel/shatteredpixeldungeon/levels/Level.java
00-Evan/shattered-pixel-dungeon,core/src/main/java/com/shatteredpixel/shatteredpixeldungeon/scenes/WelcomeScene.java,core/src/main/java/com/shatteredpixel/shatteredpixeldungeon/actors/hero/Hero.java
00-Evan/shattered-pixel-dungeon,core/src/main/java/com/shatteredpixel/shatteredpixeldungeon/scenes/WelcomeScene.java,core/src/main/java/com/shatteredpixel/shatteredpixeldungeon/ui/QuickSlotButton.java
00-Evan/shattered-pixel-dungeon,core/src/main/java/com/shatteredpixel/shatteredpixeldungeon/scenes/WelcomeScene.java,core/src/main/java/com/shatteredpixel/shatteredpixeldungeon/windows/WndRanking.java
skjolber/3d-bin-container-packing,core/src/main/java/com/github/skjolber/packing/packer/laff/FastLargestAreaFitFirstPackager.java,core/src/main/java/com/github/skjolber/packing/iterator/DefaultPermutationRotationIterator.java
skjolber/3d-bin-container-packing,jmh/src/main/java/com/github/skjolber/packing/jmh/EgyPackagerState.java,core/src/main/java/com/github/skjolber/packing/iterator/DefaultPermutationRotationIterator.java
skjolber/3d-bin-container-packing,api/src/main/java/com/github/skjolber/packing/api/ep/Point3D.java,core/src/main/java/com/github/skjolber/packing/iterator/DefaultPermutationRotationIterator.java
skjolber/3d-bin-container-packing,extreme-points/src/main/java/com/github/skjolber/packing/ep/points3d/ExtremePoints3D.java,core/src/main/java/com/github/skjolber/packing/iterator/DefaultPermutationRotationIterator.java
skjolber/3d-bin-container-packing,core/src/main/java/com/github/skjolber/packing/packer/laff/LargestAreaFitFirstPackager.java,core/src/main/java/com/github/skjolber/packing/iterator/DefaultPermutationRotationIterator.java
skjolber/3d-bin-container-packing,jmh/src/main/java/com/github/skjolber/packing/jmh/EgyPackagerBenchmark.java,core/src/main/java/com/github/skjolber/packing/iterator/DefaultPermutationRotationIterator.java
skjolber/3d-bin-container-packing,extreme-points/src/main/java/com/github/skjolber/packing/ep/points3d/Default3DPlanePoint3D.java,core/src/main/java/com/github/skjolber/packing/iterator/DefaultPermutationRotationIterator.java
skjolber/3d-bin-container-packing,core/src/main/java/com/github/skjolber/packing/packer/bruteforce/ParallelBruteForcePackager.java,core/src/main/java/com/github/skjolber/packing/iterator/DefaultPermutationRotationIterator.java
skjolber/3d-bin-container-packing,extreme-points/src/main/java/com/github/skjolber/packing/ep/points2d/ExtremePoints2D.java,core/src/main/java/com/github/skjolber/packing/iterator/DefaultPermutationRotationIterator.java
skjolber/3d-bin-container-packing,core/src/main/java/com/github/skjolber/packing/packer/laff/FastLargestAreaFitFirstPackager.java,core/src/main/java/com/github/skjolber/packing/iterator/ParallelPermutationRotationIterator.java
skjolber/3d-bin-container-packing,api/src/main/java/com/github/skjolber/packing/api/ep/Point3D.java,core/src/main/java/com/github/skjolber/packing/iterator/ParallelPermutationRotationIterator.java
skjolber/3d-bin-container-packing,extreme-points/src/main/java/com/github/skjolber/packing/ep/points3d/Default3DPlanePoint3D.java,core/src/main/java/com/github/skjolber/packing/iterator/ParallelPermutationRotationIterator.java
skjolber/3d-bin-container-packing,extreme-points/src/main/java/com/github/skjolber/packing/ep/points2d/ExtremePoints2D.java,core/src/main/java/com/github/skjolber/packing/iterator/ParallelPermutationRotationIterator.java
skjolber/3d-bin-container-packing,core/src/main/java/com/github/skjolber/packing/packer/bruteforce/ParallelBruteForcePackager.java,core/src/main/java/com/github/skjolber/packing/iterator/ParallelPermutationRotationIterator.java
skjolber/3d-bin-container-packing,extreme-points/src/main/java/com/github/skjolber/packing/ep/points3d/ExtremePoints3D.java,core/src/main/java/com/github/skjolber/packing/iterator/ParallelPermutationRotationIterator.java
skjolber/3d-bin-container-packing,core/src/main/java/com/github/skjolber/packing/packer/laff/LargestAreaFitFirstPackager.java,core/src/main/java/com/github/skjolber/packing/iterator/ParallelPermutationRotationIterator.java
skjolber/3d-bin-container-packing,jmh/src/main/java/com/github/skjolber/packing/jmh/EgyPackagerBenchmark.java,core/src/main/java/com/github/skjolber/packing/iterator/ParallelPermutationRotationIterator.java
skjolber/3d-bin-container-packing,jmh/src/main/java/com/github/skjolber/packing/jmh/EgyPackagerState.java,core/src/main/java/com/github/skjolber/packing/iterator/ParallelPermutationRotationIterator.java
Haehnchen/idea-php-symfony2-plugin,src/main/java/fr/adrienbrault/idea/symfony2plugin/dic/registrar/DicGotoCompletionRegistrar.java,src/main/java/fr/adrienbrault/idea/symfony2plugin/config/yaml/YamlElementPatternHelper.java
Haehnchen/idea-php-symfony2-plugin,src/main/java/fr/adrienbrault/idea/symfony2plugin/util/FileResourceVisitorUtil.java,src/main/java/fr/adrienbrault/idea/symfony2plugin/config/yaml/YamlElementPatternHelper.java
Haehnchen/idea-php-symfony2-plugin,src/main/java/fr/adrienbrault/idea/symfony2plugin/doctrine/completion/DoctrineCompletionContributor.java,src/main/java/fr/adrienbrault/idea/symfony2plugin/config/yaml/YamlElementPatternHelper.java
Haehnchen/idea-php-symfony2-plugin,src/main/java/fr/adrienbrault/idea/symfony2plugin/config/yaml/YamlGoToDeclarationHandler.java,src/main/java/fr/adrienbrault/idea/symfony2plugin/config/yaml/YamlElementPatternHelper.java
Haehnchen/idea-php-symfony2-plugin,src/main/java/fr/adrienbrault/idea/symfony2plugin/doctrine/completion/DoctrineCompletionContributor.java,src/main/java/fr/adrienbrault/idea/symfony2plugin/config/yaml/YamlCompletionContributor.java
Haehnchen/idea-php-symfony2-plugin,src/main/java/fr/adrienbrault/idea/symfony2plugin/config/yaml/YamlGoToDeclarationHandler.java,src/main/java/fr/adrienbrault/idea/symfony2plugin/config/yaml/YamlCompletionContributor.java
Haehnchen/idea-php-symfony2-plugin,src/main/java/fr/adrienbrault/idea/symfony2plugin/dic/registrar/DicGotoCompletionRegistrar.java,src/main/java/fr/adrienbrault/idea/symfony2plugin/config/yaml/YamlCompletionContributor.java
Haehnchen/idea-php-symfony2-plugin,src/main/java/fr/adrienbrault/idea/symfony2plugin/util/FileResourceVisitorUtil.java,src/main/java/fr/adrienbrault/idea/symfony2plugin/config/yaml/YamlCompletionContributor.java
Haehnchen/idea-php-symfony2-plugin,src/main/java/fr/adrienbrault/idea/symfony2plugin/config/yaml/YamlGoToDeclarationHandler.java,src/main/java/fr/adrienbrault/idea/symfony2plugin/dic/inspection/MissingServiceInspection.java
Haehnchen/idea-php-symfony2-plugin,src/main/java/fr/adrienbrault/idea/symfony2plugin/doctrine/completion/DoctrineCompletionContributor.java,src/main/java/fr/adrienbrault/idea/symfony2plugin/dic/inspection/MissingServiceInspection.java
Haehnchen/idea-php-symfony2-plugin,src/main/java/fr/adrienbrault/idea/symfony2plugin/util/FileResourceVisitorUtil.java,src/main/java/fr/adrienbrault/idea/symfony2plugin/dic/inspection/MissingServiceInspection.java
Haehnchen/idea-php-symfony2-plugin,src/main/java/fr/adrienbrault/idea/symfony2plugin/dic/registrar/DicGotoCompletionRegistrar.java,src/main/java/fr/adrienbrault/idea/symfony2plugin/dic/inspection/MissingServiceInspection.java
alibaba/transmittable-thread-local,src/main/java/com/alibaba/ttl/TtlRunnable.java,src/main/java/com/alibaba/ttl/TransmittableThreadLocal.java
alibaba/transmittable-thread-local,src/main/java/com/alibaba/ttl/TtlTimerTask.java,src/main/java/com/alibaba/ttl/TransmittableThreadLocal.java
